<?xml version="1.0" encoding="utf-8" standalone="yes"?>
<rss version="2.0" xmlns:atom="http://www.w3.org/2005/Atom">
  <channel>
    <title>Authors on Blowfish</title>
    <link>http://localhost:1313/authors/</link>
    <description>Recent content in Authors on Blowfish</description>
    <generator>Hugo -- gohugo.io</generator>
    <language>en</language>
    <managingEditor>nuno@n9o.xyz (Blowfish)</managingEditor>
    <webMaster>nuno@n9o.xyz (Blowfish)</webMaster>
    <copyright>© 2026 Blowfish</copyright>
    <atom:link href="http://localhost:1313/authors/index.xml" rel="self" type="application/rss+xml" />
    
  </channel>
</rss>
