<?xml version="1.0" encoding="utf-8" standalone="yes"?>
<rss version="2.0" xmlns:atom="http://www.w3.org/2005/Atom">
  <channel>
    <title>Tags on Blowfish</title>
    <link>http://localhost:1313/tags/</link>
    <description>Recent content in Tags on Blowfish</description>
    <generator>Hugo -- gohugo.io</generator>
    <language>en</language>
    <managingEditor>nuno@n9o.xyz (Blowfish)</managingEditor>
    <webMaster>nuno@n9o.xyz (Blowfish)</webMaster>
    <copyright>© 2026 Blowfish</copyright>
    <lastBuildDate>Mon, 13 Jan 2025 00:00:00 +0000</lastBuildDate><atom:link href="http://localhost:1313/tags/index.xml" rel="self" type="application/rss+xml" />
    
    <item>
      <title>Climb</title>
      <link>http://localhost:1313/tags/climb/</link>
      <pubDate>Mon, 13 Jan 2025 00:00:00 +0000</pubDate>
      <author>nuno@n9o.xyz (Blowfish)</author>
      <guid>http://localhost:1313/tags/climb/</guid>
      <description></description>
      
    </item>
    
  </channel>
</rss>
