
[{"content":"","date":"13 January 2025","externalUrl":null,"permalink":"/tags/climb/","section":"Tags","summary":"","title":"Climb","type":"tags"},{"content":"Welcome to my travel blog!\n","date":"13 January 2025","externalUrl":null,"permalink":"/","section":"Home","summary":"Welcome to my travel blog!\n","title":"Home","type":"page"},{"content":"Some intro text about the trip goes here.\nPhotos # And any other content after the gallery.\n","date":"13 January 2025","externalUrl":null,"permalink":"/posts/smith-rock/","section":"Trips","summary":"Some intro text about the trip goes here.\nPhotos # And any other content after the gallery.\n","title":"My Trip","type":"posts"},{"content":"","date":"13 January 2025","externalUrl":null,"permalink":"/tags/","section":"Tags","summary":"","title":"Tags","type":"tags"},{"content":"","date":"13 January 2025","externalUrl":null,"permalink":"/posts/","section":"Trips","summary":"","title":"Trips","type":"posts"},{"content":"","externalUrl":null,"permalink":"/authors/","section":"Authors","summary":"","title":"Authors","type":"authors"},{"content":"","externalUrl":null,"permalink":"/categories/","section":"Categories","summary":"","title":"Categories","type":"categories"},{"content":"","externalUrl":null,"permalink":"/series/","section":"Series","summary":"","title":"Series","type":"series"}]