<?xml version="1.0" encoding="utf-8" standalone="yes"?>
<rss version="2.0" xmlns:atom="http://www.w3.org/2005/Atom">
  <channel>
    <title>Home on Blowfish</title>
    <link>http://localhost:1313/</link>
    <description>Recent content in Home on Blowfish</description>
    <generator>Hugo -- gohugo.io</generator>
    <language>en</language>
    <managingEditor>nuno@n9o.xyz (Blowfish)</managingEditor>
    <webMaster>nuno@n9o.xyz (Blowfish)</webMaster>
    <copyright>© 2026 Blowfish</copyright>
    <lastBuildDate>Mon, 13 Jan 2025 00:00:00 +0000</lastBuildDate><atom:link href="http://localhost:1313/index.xml" rel="self" type="application/rss+xml" />
    
    <item>
      <title>My Trip</title>
      <link>http://localhost:1313/posts/smith-rock/</link>
      <pubDate>Mon, 13 Jan 2025 00:00:00 +0000</pubDate>
      <author>nuno@n9o.xyz (Blowfish)</author>
      <guid>http://localhost:1313/posts/smith-rock/</guid>
      <description>&lt;p&gt;Some intro text about the trip goes here.&lt;/p&gt;&#xA;&#xA;&lt;h2 class=&#34;relative group&#34;&gt;Photos&#xA;    &lt;div id=&#34;photos&#34; class=&#34;anchor&#34;&gt;&lt;/div&gt;&#xA;    &#xA;    &lt;span&#xA;        class=&#34;absolute top-0 w-6 transition-opacity opacity-0 -start-6 not-prose group-hover:opacity-100 select-none&#34;&gt;&#xA;        &lt;a class=&#34;text-primary-300 dark:text-neutral-700 !no-underline&#34; href=&#34;#photos&#34; aria-label=&#34;Anchor&#34;&gt;#&lt;/a&gt;&#xA;    &lt;/span&gt;&#xA;    &#xA;&lt;/h2&gt;&#xA;&#xA;&lt;div class=&#34;justified-gallery&#34; id=&#34;gallery&#34;&gt;&#xA;  &#xA;    &lt;a href=&#34;http://localhost:1313/posts/smith-rock/gallery/01.png&#34; class=&#34;glightbox&#34; data-gallery=&#34;gallery&#34;&gt;&#xA;      &#xA;      &lt;img src=&#34;http://localhost:1313/posts/smith-rock/gallery/01_hu_90aabe030ba1f235.png&#34; alt=&#34;gallery/01.png&#34;&gt;&#xA;    &lt;/a&gt;&#xA;  &#xA;    &lt;a href=&#34;http://localhost:1313/posts/smith-rock/gallery/02.png&#34; class=&#34;glightbox&#34; data-gallery=&#34;gallery&#34;&gt;&#xA;      &#xA;      &lt;img src=&#34;http://localhost:1313/posts/smith-rock/gallery/02_hu_fc886819f26d8761.png&#34; alt=&#34;gallery/02.png&#34;&gt;&#xA;    &lt;/a&gt;&#xA;  &#xA;    &lt;a href=&#34;http://localhost:1313/posts/smith-rock/gallery/03.png&#34; class=&#34;glightbox&#34; data-gallery=&#34;gallery&#34;&gt;&#xA;      &#xA;      &lt;img src=&#34;http://localhost:1313/posts/smith-rock/gallery/03_hu_cb58e0ef50e34272.png&#34; alt=&#34;gallery/03.png&#34;&gt;&#xA;    &lt;/a&gt;&#xA;  &#xA;    &lt;a href=&#34;http://localhost:1313/posts/smith-rock/gallery/04.png&#34; class=&#34;glightbox&#34; data-gallery=&#34;gallery&#34;&gt;&#xA;      &#xA;      &lt;img src=&#34;http://localhost:1313/posts/smith-rock/gallery/04_hu_5b73c90dea2fa24d.png&#34; alt=&#34;gallery/04.png&#34;&gt;&#xA;    &lt;/a&gt;&#xA;  &#xA;    &lt;a href=&#34;http://localhost:1313/posts/smith-rock/gallery/05.png&#34; class=&#34;glightbox&#34; data-gallery=&#34;gallery&#34;&gt;&#xA;      &#xA;      &lt;img src=&#34;http://localhost:1313/posts/smith-rock/gallery/05_hu_f3cc04da375e8d65.png&#34; alt=&#34;gallery/05.png&#34;&gt;&#xA;    &lt;/a&gt;&#xA;  &#xA;    &lt;a href=&#34;http://localhost:1313/posts/smith-rock/gallery/06.png&#34; class=&#34;glightbox&#34; data-gallery=&#34;gallery&#34;&gt;&#xA;      &#xA;      &lt;img src=&#34;http://localhost:1313/posts/smith-rock/gallery/06_hu_e74d91cad60faa7b.png&#34; alt=&#34;gallery/06.png&#34;&gt;&#xA;    &lt;/a&gt;&#xA;  &#xA;    &lt;a href=&#34;http://localhost:1313/posts/smith-rock/gallery/07.png&#34; class=&#34;glightbox&#34; data-gallery=&#34;gallery&#34;&gt;&#xA;      &#xA;      &lt;img src=&#34;http://localhost:1313/posts/smith-rock/gallery/07_hu_90aabe030ba1f235.png&#34; alt=&#34;gallery/07.png&#34;&gt;&#xA;    &lt;/a&gt;&#xA;  &#xA;    &lt;a href=&#34;http://localhost:1313/posts/smith-rock/gallery/08.png&#34; class=&#34;glightbox&#34; data-gallery=&#34;gallery&#34;&gt;&#xA;      &#xA;      &lt;img src=&#34;http://localhost:1313/posts/smith-rock/gallery/08_hu_3a4ef9c346f193b2.png&#34; alt=&#34;gallery/08.png&#34;&gt;&#xA;    &lt;/a&gt;&#xA;  &#xA;&lt;/div&gt;&#xA;&#xA;&lt;p&gt;And any other content after the gallery.&lt;/p&gt;</description>
      
    </item>
    
  </channel>
</rss>
